Username,Password,Role
10001,pass10001,Admin
10002,pass10002,Admin
10003,pass10003,Admin
10004,pass10004,Admin
10005,pass10005,Employee
10006,pass10006,Admin
10007,pass10007,Admin
10008,pass10008,Employee
10009,pass10009,Employee
10010,pass10010,Admin
10011,pass10011,Admin
10012,pass10012,Admin
10013,pass10013,Employee
10014,pass10014,Employee
10015,pass10015,Admin
10016,pass10016,Admin
10017,pass10017,Admin
10018,pass10018,Employee
10019,pass10019,Employee
10020,pass10020,Employee
10021,pass10021,Employee
10022,pass10022,Employee
10023,pass10023,Employee
10024,pass10024,Employee
10025,pass10025,Employee
10026,pass10026,Employee
10027,pass10027,Employee
10028,pass10028,Employee
10029,pass10029,Employee
10030,pass10030,Employee
10031,pass10031,Employee
10032,pass10032,Employee
10033,pass10033,Employee
10034,pass10034,Employee
